Qsstar,Wrel
0,0.821122112
1.312977099,1.061386139
2.503816794,0.929372937
4.694656489,1.277887789
6.251908397,1.39669967
